{"loss": 1.37, "_timestamp": 1662540338.6628299, "_runtime": 40.40960693359375, "_step": 0, "_wandb": {"runtime": 12702}}